,generation,num_pad_units,pad_strength,pad_starting_pos,curvature,scale,result,binary,vertical_result,horizontal_result
0,0.0,0.0,68.0,-1.0,0.016035294117647064,0.9807843137254902,5663.888151899538,3529350696.0,1547.2060941239477,9780.570209675128
1,0.0,3.0,5.0,0.0,-0.014670588235294116,0.9870588235294118,1435.162459788521,3584670723.0,537.9735348982591,2332.351384678783
2,0.0,3.0,145.0,0.0,-0.08563529411764706,0.9070588235294118,702.8930960465998,2080908635.0,514.0519157298685,891.7342763633312
3,0.0,6.0,17.0,0.0,0.0126235294117647,0.9807843137254902,7269.477626513544,2320079886.0,6804.278003404874,7734.677249622214
